Disaster,Count,Sum,Mean,Probability
avalanche,1052,354.79625000000004,0.33725879277566545,0.1441095890410959
volcano,8,376.59425999999996,47.074282499999995,0.001095890410958904
